"date";"station";"taille";"poids";"diametrehorizontal";"diametrevertical";"diametreremarque";"pectorale";"contraste";"ligne";"stade";"marque";;"operateur";"patho";"remarque"
17/09/2009;"0435XXX1";589;388;9,25;9,25;"moyenne";35,7;;;"AG";"00_06DF_27FA";;"Brice";;
17/09/2009;"0435XXX1";340;62;3,85;3,85;"moyenne";14,6;;;"J";"00_06DF_2889";;"Brice";;"sous-cutané"
17/09/2009;"0435XXX1";367;75;4,8;4,8;"moyenne";17,2;;;"J";"00_06DF_2F17";;"Brice";;
17/09/2009;"0435XXX1";345;68;3,7;3,7;"moyenne";15,5;;;"J";"00_06DF_38F4";;"Brice";;"sous-cutané"
17/09/2009;"0435XXX1";616;431;7,75;7,75;"moyenne";31,9;;;"J";"00_06E4_9642";;"Brice";;"début d'argenture"
17/09/2009;"0435XXX1";409;106;4,25;4,25;"moyenne";19,3;;;"J";"00_06E4_997C";;"Brice";;
17/09/2009;"0435XXX1";458;212;4,95;4,95;"moyenne";22,1;;;"J";"00_06EA_BF96";;"Brice";;
17/09/2009;"0435XXX2";448;144;5,1;5,1;"moyenne";21,3;;;"J";"00_06DE_BBB7";;"Brice";;
17/09/2009;"0435XXX2";320;56;3,75;3,75;"moyenne";13,8;;;"J";"00_06DF_1F8A";;"Brice";;
17/09/2009;"0435XXX2";369;83;3,7;3,7;"moyenne";17;;;"J";"00_06DF_209F";;"Brice";;
17/09/2009;"0435XXX2";342;65;4,15;4,15;"moyenne";16,2;;;"J";"00_06DF_2120";;"Brice";;
17/09/2009;"0435XXX2";336;57;3,6;3,6;"moyenne";13,7;;;"J";"00_06DF_22AF";;"Brice";;
17/09/2009;"0435XXX2";364;87;4,3;4,3;"moyenne";16,7;;;"J";"00_06DF_2554";;"Brice";;"sous-cutané"
17/09/2009;"0435XXX2";452;140;4,65;4,65;"moyenne";26,4;;;"J";"00_06DF_2A25";;"Brice";;
17/09/2009;"0435XXX2";319;47;3,65;3,65;"moyenne";13,2;;;"J";"00_06DF_3572";;"Brice";;
17/09/2009;"0435XXX2";347;71;3,55;3,55;"moyenne";15,6;;;"J";"00_06E4_94AC";;"Brice";;
17/09/2009;"0435XXX2";382;105;5,3;5,3;"moyenne";17;;;"J";"00_06E4_A2B1";;"Brice";;
17/09/2009;"0435XXX2";385;97;4,15;4,15;"moyenne";16,5;;;"J";"00_06E4_AE37";;"Brice";;
15/09/2009;"0435XXX6";301;42;3,1;3,1;"moyenne";13;;;"J";"00_06E4_A2AC";;"Brice";;
15/09/2009;"0435XXX8";375;82;4;4;"moyenne";17,1;;;"J";"00_06DE_C8D3";;"Brice";;
15/09/2009;"0435XXX8";319;50;3,55;3,55;"moyenne";14,4;;;"J";"00_06DF_18B5";;"Brice";;
15/09/2009;"0435XXX8";319;46;3,75;3,75;"moyenne";13,4;;;"J";"00_06DF_1A41";;"Brice";;
15/09/2009;"0435XXX8";306;49;3,6;3,6;"moyenne";12,2;;;"J";"00_06DF_34EF";;"Brice";;
15/09/2009;"0435XXX8";343;58;3,9;3,9;"moyenne";15,9;;;"J";"00_06E4_7D53";;"Brice";;
15/09/2009;"0435XXX8";355;62;3,9;3,9;"moyenne";15,7;;;"J";"00_06E4_8179";;"Brice";;
15/09/2009;"0435XXX8";314;41;4;4;"moyenne";12,3;;;"J";"00_06E4_ADC6";;"Brice";;
14/09/2009;"0435XXX9";323;44;;;;;;;"J";"00_06DF_13D3";;"Brice";;
14/09/2009;"0435XXX9";770;677;6,95;6,95;"moyenne";38,2;;;"J";"00_06DF_2096";;"Brice";;
14/09/2009;"0435XXX9";663;415;;;;;;;"J";"00_06DF_3139";;"Brice";"CA (C)";
14/09/2009;"0435XXX9";734;794;7,75;7,75;"moyenne";35;;;"J";"00_06E4_7EEE";;"Brice";;
14/09/2009;"0435XXX9";525;204;5,95;5,95;"moyenne";26;;;"J";"00_06E4_80A2";;"Brice";;
14/09/2009;"0435XXX9";704;579;;;;;;;"J";"00_06E4_9B21";;"Brice";;"pas de mesures de l'œil et de la pectorale"
14/09/2009;"0435XX11";443;129;4,7;4,7;"moyenne";19,8;;;"J";"00_06DF_1445";;"Brice";;
14/09/2009;"0435XX11";503;203;5,55;5,55;"moyenne";24,9;;;"J";"00_06DF_18B3";;"Brice";;
14/09/2009;"0435XX11";310;46;;;;;;;"J";"00_06DF_2AB9";;"Brice";;
14/09/2009;"0435XX11";334;62;4;4;"moyenne";15,3;;;"J";"00_06DF_356D";;"Brice";;
14/09/2009;"0435XX11";335;55;3,7;3,7;"moyenne";13,9;;;"J";"00_06DF_3EE1";;"Brice";;
14/09/2009;"0435XX11";411;84;4,3;4,3;"moyenne";16,6;;;"J";"00_06E4_798F";;"Brice";;
14/09/2009;"0435XX11";706;569;7,35;7,35;"moyenne";34,8;;;"J";"00_06E4_7E8A";;"Brice";;
14/09/2009;"0435XX11";439;139;5,25;5,25;"moyenne";23,2;;;"J";"00_06E4_8A22";;"Brice";;
14/09/2009;"0435XX11";371;82;4,3;4,3;"moyenne";16,9;;;"J";"00_06E4_A5CB";;"Brice";;
14/09/2009;"0435XX11";658;518;7,25;7,25;"moyenne";32,1;;;"J";"00_06EA_C7C0";;"Brice";;
16/09/2009;"0435XX14";477;220;5,75;5,75;"moyenne";24;;;"J";"00_06DF_2557";;"Brice";;
16/09/2009;"0435XX14";556;357;;;;;;;"J";"00_06E4_97DC";;"Brice";;
16/09/2009;"0435XX14";387;96;4,05;4,05;"moyenne";15,7;;;"J";"00_06E4_A748";;"Brice";;
16/09/2009;"0435XX14";418;139;4,2;4,2;"moyenne";20,4;;;"J";"00_06E4_B26B";;"Brice";;
16/09/2009;"0435XX16";310;54;4,3;4,3;"moyenne";16,4;;;"J";"00_06DF_3D9D";;"Brice";;
16/09/2009;"0435XX16";321;38;3,9;3,9;"moyenne";15,4;;;"J";"00_06E4_7AB5";;"Brice";;
16/09/2009;"0435XX16";411;120;4,65;4,65;"moyenne";22,3;;;"J";"00_06E4_7EF0";;"Brice";;
16/09/2009;"0435XX16";315;46;3,25;3,25;"moyenne";13,9;;;"J";"00_06E4_9420";;"Brice";;
16/09/2009;"0435XX18";590;376;6,25;6,25;"moyenne";28,2;;;"J";"00_06DF_3CB7";;"Brice";;
21/09/2009;"0456XXX1";367;78;4,5;3,9;;17,3;;;"J";"00_06DE_9D77";;"Brice";;
21/09/2009;"0456XXX1";344;42;3,9;3,2;;14,2;;;"J";"00_06DF_1D6F";;"Brice";;
21/09/2009;"0456XXX1";491;188;4,7;5;;23;;;"J";"00_06DF_3771";;"Brice";;
21/09/2009;"0456XXX1";352;79;4,7;4,2;;17,1;;;"J";"00_06E4_7EF2";;"Brice";;
21/09/2009;"0456XXX1";364;86;4,8;4,6;;16,9;;;"J";"00_06E4_8039";;"Brice";;
21/09/2009;"0456XXX1";491;186;5,8;5,6;;21,8;;;"J";"00_06E4_A006";;"Brice";"HE (A";" T"
21/09/2009;"0456XXX1";583;394;6,3;6,6;;27,6;;;"J";"00_06E4_A43E";;"Brice";"HE (A";" T)"
21/09/2009;"0456XXX1";304;38;3,6;3,2;;11,7;;;"J";"00_06E4_B2BE";;"Brice";;
21/09/2009;"0456XXX1";338;68;3,8;3,9;;15,8;;;"J";"00_06EA_C738";;"Brice";;
21/09/2009;"0456XXX3";300;34;3,3;3,3;"moyenne";11;;;"J";"00_06DF_12F9";;"Brice";;"sous-cutané"
21/09/2009;"0456XXX3";307;46;3,7;3,7;"moyenne";13,3;;;"J";"00_06DF_2559";;"Brice";;
21/09/2009;"0456XXX3";392;98;5,2;4,6;;18;;;"J";"00_06DF_3C3C";;"Brice";;"sous-cutané"
21/09/2009;"0456XXX3";342;85;5,65;5,65;"moyenne";18,9;;;"AG";"00_06E4_8110";;"Brice";;"sous-cutané"
21/09/2009;"0456XXX3";518;189;5,55;5,55;"moyenne";20,9;;;"J";"00_06E4_832D";;"Brice";"HE (A)";
22/09/2009;"0456XXX5";314;57;3,5;3,9;;14,4;;;"J";"00_06DF_143D";;"Brice";;
22/09/2009;"0456XXX5";301;39;2,9;2,9;"moyenne";11,5;;;"J";"00_06E4_8AA5";;"Brice";;
22/09/2009;"0456XXX8";342;57;4,55;4,55;"moyenne";17,2;;;"J";"00_06DF_1441";;"Brice";;
22/09/2009;"0456XXX8";308;42;3,2;3,4;;12,7;;;"J";"00_06DF_1938";;"Brice";;
22/09/2009;"0456XXX8";335;71;4,55;4,55;"moyenne";18,4;;;"J";"00_06DF_193B";;"Brice";;
22/09/2009;"0456XXX8";305;43;3,35;3,35;"moyenne";12,5;;;"J";"00_06DF_2F9B";;"Brice";;
22/09/2009;"0456XXX8";422;130;5,55;5,55;"moyenne";19,8;;;"J";"00_06DF_30B7";;"Brice";;
22/09/2009;"0456XXX8";527;311;7,25;7,25;"moyenne";29;;;"J";"00_06DF_3675";;"Brice";;"début d'argenture"
22/09/2009;"0456XXX8";351;82;4,55;4,55;"moyenne";17;;;"J";"00_06E4_7C33";;"Brice";;
22/09/2009;"0456XXX8";452;161;5,1;5,1;"moyenne";22,3;;;"J";"00_06E4_7CF7";;"Brice";;
22/09/2009;"0456XXX8";337;57;3,9;3,9;"moyenne";14,3;;;"J";"00_06E4_832B";;"Brice";;
22/09/2009;"0456XXX8";385;94;4,85;4,85;"moyenne";18,6;;;"J";"00_06E4_9A0C";;"Brice";;
22/09/2009;"0456XXX8";332;64;4,3;4,3;"moyenne";16,1;;;"J";"00_06E4_AB98";;"Brice";;
22/09/2009;"0456XXX8";348;68;4,85;4,85;"moyenne";15,4;;;"J";"00_06EA_AB1D";;"Brice";;
22/09/2009;"0456XXX8";446;153;6,25;6,25;"moyenne";21,2;;;"J";"00_06EA_AD22";;"Brice";;
24/09/2009;"0456XXX9";332;65;4,55;4,55;"moyenne";16,1;;;"J";"00_06DF_1CE4";;"Brice";;
24/09/2009;"0456XXX9";328;58;4,55;4,55;"moyenne";16,1;;;"J";"00_06DF_3249";;"Brice";;"sous-cutané (sur le flanc)"
24/09/2009;"0456XXX9";336;52;4,6;4,6;"moyenne";14,9;;;"J";"00_06DF_3672";;"Brice";;
24/09/2009;"0456XXX9";336;65;6,2;6,2;"moyenne";18,3;1;1;"AG";"00_06EA_9FF7";;"Brice";;
23/09/2009;"0456XX13";325;57;3,8;3,8;"moyenne";13,8;;;"J";"00_06DE_C5C4";;"Brice";;
23/09/2009;"0456XX13";307;40;3,6;3,6;"moyenne";12,8;;;"J";"00_06DF_1AC8";;"Brice";;
23/09/2009;"0456XX13";325;47;3,65;3,65;"moyenne";12,4;;;"J";"00_06DF_2CEC";;"Brice";;
23/09/2009;"0456XX13";314;49;3,85;3,85;"moyenne";15,4;;;"J";"00_06DF_324C";;"Brice";;
23/09/2009;"0456XX13";295;48;5,55;5,55;"moyenne";16,6;;;"AG";"00_06E4_8F66";;"Brice";;
23/09/2009;"0456XX13";398;92;5,1;5,1;"moyenne";18,8;;;"J";"00_06E4_B03F";;"Brice";"HE (A)";
23/09/2009;"0456XX13";325;59;5,45;5,45;"moyenne";16,9;;;"AG";"00_06EA_B68C";;"Brice";;
23/09/2009;"0456XX13";302;35;3,45;3,45;"moyenne";13,1;;;"J";"00_06EA_B938";;"Brice";;
23/09/2009;"0456XX16";317;49;3,3;3,3;"moyenne";13,1;;;"J";"00_06DF_0F30";;"Brice";;
23/09/2009;"0456XX16";340;83;6,45;6,45;"moyenne";20,9;1;1;"AG";"00_06DF_1224";;"Brice";;
23/09/2009;"0456XX16";367;97;6,25;6,25;"moyenne";17,8;1;1;"AG";"00_06E4_7E1C";;"Brice";;
23/09/2009;"0456XX16";341;77;4,6;4,6;"moyenne";16,7;;;"J";"00_06E4_7E87";;"Brice";;
23/09/2009;"0456XX16";349;72;4,4;4,4;"moyenne";17,9;;;"J";"00_06E4_8EE3";;"Brice";;
23/09/2009;"0456XX16";391;106;6,8;6,8;"moyenne";21,3;1;1;"AG";"00_06E4_9A0E";;"Brice";;
23/09/2009;"0456XX16";313;44;3,35;3,35;"moyenne";13,1;;;"J";"00_06E4_AE36";;"Brice";;
21/09/2011;"0435XXX1";375;77;4,5;4,1;;16,6;;;"J";"00_06DF_1F89";;"Aurore";;
21/09/2011;"0435XXX1";400;108;4,5;4;;18,3;;;"J";"00_06DF_290C";;"Aurore";;
21/09/2011;"0435XXX1";326;53;3,7;3,5;;11,6;;;"J";"00_06DF_31C7";;"Aurore";;
21/09/2011;"0435XXX1";395;99;4,6;4,1;;16,1;;;"J";"00_06DF_3463";;"Aurore";;
21/09/2011;"0435XXX1";305;43;3,7;3,5;;12,6;;;"J";"00_06E4_7B85";;"Aurore";;
21/09/2011;"0435XXX1";401;101;4;3,8;;18,8;;;"J";"00_06E4_7C91";;"Aurore";;"hors secteur"
21/09/2011;"0435XXX1";472;178;5,7;5;;20,2;;;"J";"00_06E4_7D57";;"Aurore";;"hors secteur"
21/09/2011;"0435XXX1";446;137;5,1;5;;22,6;;;"J";"00_06E4_997C";;"Aurore";;"recapture 2011"
21/09/2011;"0435XXX1";359;80;4;3,9;;14;;;"J";"00_06E4_9D55";;"Aurore";;
21/09/2011;"0435XXX1";358;77;5;4,7;;15,7;;;"J";"00_06E4_AC0B";;"Aurore";;
21/09/2011;"0435XXX1";438;105;5,2;4,8;;19,3;;;"J";"00_06E7_7453";;"Aurore";;
21/09/2011;"0435XXX1";404;117;5,5;4,4;;18,4;;;"J";"00_06E7_74E0";;"Aurore";;
21/09/2011;"0435XXX1";425;130;4,9;4,7;;18,9;;;"J";"00_06E75_C0D";;"Aurore";;
21/09/2011;"0435XXX2";373;76;4,7;4,2;;17,8;;;"J";"00_06DF_2120";;"Aurore";;"recapture 2011"
21/09/2011;"0435XXX2";340;50;3,5;3,3;;13,4;;;"J";"00_06DF_22AF";;"Aurore";;"recapture 2011"
21/09/2011;"0435XXX2";354;67;4;3,6;;14,6;;;"J";"00_06DF_3572";;"Aurore";;"recapture 2011"
21/09/2011;"0435XXX2";398;93;4,3;4,1;;16,8;;;"J";"00_06DF_3F4A";;"Aurore";;
21/09/2011;"0435XXX6";327;54;3,7;3,4;;14;;;"J";"00_06DF_24CB";;"Aurore";;
21/09/2011;"0435XXX6";319;48;3,1;3;;12,9;;;"J";"00_06E4_880C";;"Aurore";;
21/09/2011;"0435XXX6";342;58;3,7;3,6;;15;;;"J";"00_06E7_67F5";;"Aurore";;
21/09/2011;"0435XXX6";370;64;4,6;4,2;;14,5;;;"J";"00_06EA_D30C";;"Aurore";;
22/09/2011;"0435XXX8";418;112;4,7;4,7;;18,1;;;"J";"00_06DF_1E85";;"Brice";;
22/09/2011;"0435XXX8";309;45;4;3,9;;12,8;;;"J";"00_06DF_2802";;"Brice";;
22/09/2011;"0435XXX8";320;58;4,1;4,1;;13,8;;;"J";"00_06DF_34EF";;"Brice";;"recapture 2011"
22/09/2011;"0435XXX8";341;57;3,9;3,9;;14,2;;;"J";"00_06DF_3775";;"Brice";;
22/09/2011;"0435XXX8";407;103;5,5;5,1;;19,3;;;"J";"00_06E4_7D53";;"Brice";;"recapture 2011"
22/09/2011;"0435XXX8";365;86;5,6;5,3;;18,2;;;"J";"00_06E4_AC07";;"Brice";;
22/09/2011;"0435XXX8";367;66;5;4,6;;16,9;;;"J";"00_06E7_64D0";;"Brice";;
22/09/2011;"0435XXX8";302;28;3,9;3,4;;12,4;;;"J";"00_06E7_6561";;"Brice";;
22/09/2011;"0435XXX8";375;100;5,9;6,1;;19,6;1;1;"AG";"00_06E7_6A0C";;"Brice";;
22/09/2011;"0435XXX8";349;80;4,5;4,2;;15,4;;;"J";"00_06E7_767F";;"Brice";;
20/09/2011;"0435XXX9";706;451;8,6;8,2;;32,2;;;"J";"00_06DF_2A28";;"Brice";;
20/09/2011;"0435XXX9";736;605;9;7,5;;34,9;;;"J";"00_06E7_66E8";;"Brice";;
20/09/2011;"0435XXX9";355;62;4,4;4;;13,8;;;"J";"00_06E7_6D3E";;"Brice";;
20/09/2011;"0435XXX9";576;313;7,3;6,5;;29,5;;;"J";"00_06E7_7333";;"Brice";;"saignement lors du marquage"
20/09/2011;"0435XX11";664;596;8,7;7,5;;29,7;;;"J";"00_06E4_848A";;"Brice";;"hors secteur"
20/09/2011;"0435XX11";492;271;5,9;4,9;;22,4;;;"J";"00_06E4_9BB1";;"Brice";;
20/09/2011;"0435XX11";308;51;3,9;3,4;;12,8;;;"J";"00_06E7_7331";;"Brice";;
20/09/2011;"0435XX11";458;138;5,1;4,8;;22,2;;;"J";"00_06E7_75F4";;"Brice";;
22/09/2011;"0435XX13";508;220;6,1;5,8;;23,6;;;"J";"00_06DF_3EE0";;"Brice";;
22/09/2011;"0435XX13";355;63;3,7;3,6;;15,3;;;"J";"00_06E4_917D";;"Brice";;
22/09/2011;"0435XX13";372;74;4,7;3,7;;15,3;;;"J";"00_06E7_7923";;"Brice";;
23/09/2011;"0435XX14";512;277;5,6;5,8;;26,1;;;"J";"00_06DF_2557";;"Aurore";;"recapture 2011"
23/09/2011;"0435XX14";536;268;6,1;6,1;;24,5;;;"J";"00_06DF_3674";;"Aurore";;
23/09/2011;"0435XX14";430;118;3,9;3,9;;19;;;"J";"00_06E4_A748";;"Aurore";;"recapture 2011"
22/09/2011;"0435XX16";478;184;5,9;5,4;;21,2;;;"J";"00_06DF_16AF";;"Brice";;
22/09/2011;"0435XX16";330;51;4,6;4;;11,6;;;"J";"00_06DF_2F16";;"Brice";;
22/09/2011;"0435XX16";323;56;3,8;3,9;;14,2;;;"J";"00_06E3_DC2D";;"Brice";;
22/09/2011;"0435XX16";450;142;5,1;4,7;;19,9;;;"J";"00_06E3_DED2";;"Brice";;
22/09/2011;"0435XX16";474;187;6,5;5,7;;23,9;;;"J";"00_06E4_7EF0";;"Brice";;"recapture 2011"
22/09/2011;"0435XX16";311;47;4,7;4,3;;14,9;;;"J";"00_06E4_8033";;"Brice";;
22/09/2011;"0435XX16";377;87;4,8;4,3;;17,8;;;"J";"00_06E4_9420";;"Brice";;"recapture 2011"
22/09/2011;"0435XX16";312;48;4,9;4,4;;14,8;;;"J";"00_06E4_A5C7";;"Brice";;
22/09/2011;"0435XX16";352;41;4,2;3,8;;14,4;;;"J";"00_06E7_6C2A";;"Brice";;
22/09/2011;"0435XX16";345;62;4,1;4,1;;14,1;;;"J";"00_06E7_7926";;"Brice";;
22/09/2011;"0435XX16";335;60;4,5;3,8;;15,1;;;"J";"00_06E7_7927";;"Brice";;
22/09/2011;"0435XX16";344;64;4,5;3,8;;14,4;;;"J";"00_06E7_7C4A";;"Brice";;
22/09/2011;"0435XX16";323;59;4,3;3,8;;12,8;;;"J";"00_06EA_A2B3";;"Brice";;
23/09/2011;"0435XX18";595;379;6,4;6;;28,9;;;"J";"00_06DF_3CB7";;"Aurore";;"recapture 2011"
23/09/2011;"0435XX18";310;44;3,6;3,4;;12,1;;;"J";"00_06E7_5BD2";;"Aurore";;
13/09/2011;"0456XXX1";343;58;4,7;4,7;;15,3;;;"J";"00_06E4_B03E";;"Brice";;
13/09/2011;"0456XXX3";325;56;3,2;3;;14;;;"J";"00_06DF_1AC5";;"Aurore";;
13/09/2011;"0456XXX3";338;60;5,1;5;;13,5;;;"J";"00_06DF_33E3";;"Aurore";;
13/09/2011;"0456XXX3";319;47;3,7;3,3;;12;;;"J";"00_06E3_E17A";;"Aurore";;
13/09/2011;"0456XXX3";348;54;4;3,9;;13,7;;;"J";"00_06E3_E548";;"Aurore";;
13/09/2011;"0456XXX3";570;261;6,7;6,1;;22,9;;;"J";"00_06E4_832D";;"Aurore";;"recapture 2011"
13/09/2011;"0456XXX3";475;173;6,5;5,7;;21,9;;;"J";"00_06E7_633F";;"Aurore";;"taille estimée car queue coupée"
13/09/2011;"0456XXX3";350;68;4,1;4,1;;13,4;;;"J";"00_06E7_6FEA";;"Aurore";;
13/09/2011;"0456XXX3";314;44;3,3;3,2;;18,6;;;"J";"00_06E7_7070";;"Aurore";;
13/09/2011;"0456XXX3";318;41;4,5;3,6;;12,3;;;"J";"00_06E7_781B";;"Aurore";;
14/09/2011;"0456XXX8";352;70;3,7;3,9;;15;;;"J";"00_06DF_3C3D";;"Aurore";;
14/09/2011;"0456XXX8";352;76;5;5,5;;;;;"J";"00_06E4_7C33";;"Aurore";;"recapture 2011"
14/09/2011;"0456XXX8";375;81;4,3;4,1;;15,1;;;"J";"00_06E4_832B";;"Aurore";;"recapture 2011"
14/09/2011;"0456XXX8";424;119;4,8;4,8;;18,2;;;"J";"00_06E4_8484";;"Aurore";;
16/09/2011;"0456XXX9";315;65;5;4,3;;14,3;;;"J";"00_06E7_7455";;"Aurore";;"début d'argenture"
15/09/2011;"0456XX12";322;50;4,7;3,9;;16,2;;;"J";"00_06E7_6230";;"Brice";;
15/09/2011;"0456XX13";325;57;4,9;4,6;;14,1;;;"J";"00_06DF_1AC8";;"Brice";;"recapture 2011"
15/09/2011;"0456XX13";326;49;3,9;3,8;;14,3;;;"J";"00_06E3_E0F0";;"Brice";;
15/09/2011;"0456XX13";442;123;5,8;5,1;;18,7;;;"J";"00_06E4_8FEC";;"Brice";;
15/09/2011;"0456XX13";312;42;3,5;3,5;;10;;;"J";"00_06E7_6906";;"Brice";;
15/09/2011;"0456XX13";304;37;4,4;4,4;;13,8;;;"J";"00_06E7_75B6";;"Brice";;
15/09/2011;"0456XX16";340;64;4;3,7;;14;;;"J";"00_06DF_0F30";;"Brice";;"recapture 2011"
15/09/2011;"0456XX16";365;77;4,5;4,2;;15,1;;;"J";"00_06E4_AE36";;"Brice";;"recapture 2011"
15/09/2011;"0456XX16";330;63;4;4,2;;13,5;;;"J";"00_06E7_72AE";;"Brice";;
10/09/2013;"0435XXX1";519;242;6,1;5,9;;25,7;;;"J";"00_06E4_997C";;"Brice";"x cdb";"recapture 2013"
10/09/2013;"0435XXX1";434;132;5,5;4,8;;22,1;;;"J";"00_06E7_74E0";;"Brice";"x cdb";"recapture 2013"
10/09/2013;"0435XXX1";488;270;6,2;5,9;;26,3;;;"J";"00_06EA_BF96";;"Brice";;"recapture 2013"
10/09/2013;"0435XXX2";510;236;6,2;6;;25,2;;;"J";"00_06DE_BBB7";;"Brice";"HE caud basse";"recapture 2013"
10/09/2013;"0435XXX2";439;140;4,9;4,9;;20,9;;;"J";"00_06E7_7225";;"Brice";;
10/09/2013;"0435XXX2";377;72;4,7;4,3;;17,1;;;"J";"00_06E7_7B39";;"Brice";;
10/09/2013;"0435XXX2";312;42;3,9;3,4;;13,1;;;"J";"00_06E7_83FD";;"Brice";;
12/09/2013;"0435XXX6";418;113;5,4;4,8;;17,9;;;"J";"00_06E7_6D41";;"Brice";;
12/09/2013;"0435XXX6";605;370;7,1;6,6;;27,3;;;"J";"00_06E7_706F";;"Brice";;
10/09/2013;"0435XXX8";399;98;5,9;5,1;;18,9;;;"J";"00_06DE_E193";;"Brice";;"pectorale gauche manquante"
10/09/2013;"0435XXX8";313;43;3,8;3,4;;13,8;;;"J";"00_06DF_21A1";;"Brice";;
10/09/2013;"0435XXX8";367;93;5,4;5,1;;17,6;;;"J";"00_06DF_2802";;"Brice";;"recapture 2013"
10/09/2013;"0435XXX8";418;103;5,8;5,1;;17,9;;;"J";"00_06E4_ADC6";;"Brice";;"recapture 2013"
10/09/2013;"0435XXX8";391;90;4,7;3,9;;16,6;;;"J";"00_06E7_588E";;"Brice";;
10/09/2013;"0435XXX8";339;59;4,2;3,7;;14,7;;;"J";"00_06E7_6C32";;"Brice";;
10/09/2013;"0435XXX8";380;73;5,1;4,6;;16,2;;;"J";"00_06E7_6F5A";;"Brice";;
10/09/2013;"0435XXX8";343;65;4,1;3,9;;15,7;;;"J";"00_06E7_74D7";;"Brice";;
09/09/2013;"0435XXX9";744;631;9,1;8,6;;37,2;;;"J";"00_06E7_6878";;"Brice";;
09/09/2013;"0435XXX9";444;134;5,6;5,6;;21,7;;;"J";"00_06E7_7709";;"Brice";"x cdb";
09/09/2013;"0435XXX9";753;842;9,3;8,8;;35,2;0;1;"JAG";"00_06E7_789E";;"Brice";;
09/09/2013;"0435XXX9";735;678;8,3;8,4;;36,2;;;"J";"00_06E7_7F47";;"Brice";"x cdb";
09/09/2013;"0435XX11";316;50;3,7;3,9;;14,8;;;"J";"00_06DF_2A26";;"Brice";;
09/09/2013;"0435XX11";439;128;4,8;4,7;;20,2;;;"J";"00_06DF_3248";;"Brice";;
09/09/2013;"0435XX11";355;60;4;3,5;;15,1;;;"J";"00_06E4_7F5E";;"Brice";;
09/09/2013;"0435XX11";595;341;6,6;6,1;;27,7;;;"J";"00_06E4_8CC1";;"Brice";"x cdb";
09/09/2013;"0435XX11";326;61;3,9;3,6;;14;;;"J";"00_06E7_62B4";;"Brice";;
09/09/2013;"0435XX11";324;54;4;3,5;;13,5;;;"J";"00_06E7_744B";;"Brice";;
12/09/2013;"0435XX13";394;92;5,1;4,9;;15,7;;;"J";"00_06E3_EAB6";;"Brice";;
12/09/2013;"0435XX13";405;87;4,8;4,5;;17,4;;;"J";"00_06E7_6882";;"Brice";"cdb";" Ac"
12/09/2013;"0435XX13";478;170;5,9;5,1;;23,3;;;"J";"00_06E7_7E4E";"00_06E7_6096";"Brice";"érosion";"double marquage car 1er sous-cutané"
12/09/2013;"0435XX13";365;67;4,3;4,2;;15,5;;;"J";"00_06E7_813C";;"Brice";;
12/09/2013;"0435XX14";570;417;6,6;7,4;;30,1;;;"J";"00_06DF_2557";;"Laurent B";;"recapture 2013"
12/09/2013;"0435XX14";363;63;4,8;4,5;;16,6;;;"J";"00_06DF_2C5B";;"Laurent B";"ichtyo";" érosions"
12/09/2013;"0435XX14";409;117;6;4,9;;21,2;;;"J";"00_06E4_A93D";;"Laurent B";;
12/09/2013;"0435XX14";392;87;4,7;4,5;;16,4;;;"J";"00_06E7_6DCE";;"Brice";"HE tête";" abdo"
12/09/2013;"0435XX14";501;"?";6,1;5,8;;22,6;;;"J";"00_06E7_78A0";;"Laurent B";;
11/09/2013;"0435XX16";324;53;3,8;3,4;;13,4;;;"J";"00_06DF_0D9A";;"Brice";;
11/09/2013;"0435XX16";336;60;4,2;3,9;;13,8;;;"J";"00_06DF_1734";;"Brice";;
11/09/2013;"0435XX16";313;43;4;3,9;;13,8;;;"J";"00_06DF_2888";;"Brice";;
11/09/2013;"0435XX16";336;43;4,6;4,1;;12,7;;;"J";"00_06DF_2F16";;"Brice";;"recapture 2013"
11/09/2013;"0435XX16";424;113;4,6;4,6;;18,5;;;"J";"00_06DF_3670";;"Brice";;
11/09/2013;"0435XX16";377;84;4,9;4,5;;17,1;;;"J";"00_06E3_D7FC";;"Brice";;
11/09/2013;"0435XX16";393;84;4,6;4,1;;17,7;;;"J";"00_06E3_E203";;"Brice";;
11/09/2013;"0435XX16";422;117;5,4;4,9;;19,8;;;"J";"00_06E4_9420";;"Brice";;"recapture 2013"
11/09/2013;"0435XX16";482;155;5,2;4,9;;21,7;;;"J";"00_06E7_5C08";;"Brice";;
11/09/2013;"0435XX16";430;116;5,7;5,1;;20,1;;;"J";"00_06E7_611D";;"Brice";;
11/09/2013;"0435XX16";313;39;4;3,6;;13;;;"J";"00_06E7_6120";;"Brice";;
11/09/2013;"0435XX16";342;55;4,4;4,4;;15;;;"J";"00_06E7_619F";;"Brice";;
11/09/2013;"0435XX16";329;60;4;4;;12,7;;;"J";"00_06E7_6BAB";;"Brice";;
11/09/2013;"0435XX16";307;41;4,3;4,2;;13;;;"J";"00_06E7_6CB9";;"Brice";;
11/09/2013;"0435XX16";327;43;4,2;3,9;;15,7;;;"J";"00_06E7_6FE7";;"Brice";;
11/09/2013;"0435XX16";331;55;3,7;3,6;;12,8;;;"J";"00_06E7_733F";;"Brice";;
11/09/2013;"0435XX16";356;60;4,3;4,1;;15,1;;;"J";"00_06E7_7677";;"Brice";;
11/09/2013;"0435XX16";385;82;4,7;4,5;;15,9;;;"J";"00_06E7_767A";;"Brice";;
11/09/2013;"0435XX16";335;50;3,9;4;;15,1;;;"J";"00_06E7_7707";;"Brice";;
11/09/2013;"0435XX16";383;77;4,5;4,7;;15,3;;;"J";"00_06E7_7926";;"Brice";;"recapture 2013"
11/09/2013;"0435XX16";347;55;4,3;3,9;;14,8;;;"J";"00_06E7_7927";;"Brice";;"recapture 2013"
11/09/2013;"0435XX16";374;73;4,2;4;;16,4;;;"J";"00_06E7_80C3";;"Brice";;
11/09/2013;"0435XX18";394;111;4,8;4,5;;16,1;;;"J";"00_06DF_1A45";;"Brice";;
11/09/2013;"0435XX18";303;33;3,4;3,1;;11,9;;;"J";"00_06E7_6B26";;"Brice";;
11/09/2013;"0435XX18";359;73;4,6;4,7;;13,6;;;"J";"00_06E7_6D43";;"Brice";;
16/09/2013;"0456XXX1";493;249;6,5;6,1;;23,2;;;"J";"00_06E7_666D";;"Brice";;
16/09/2013;"0456XXX1";491;200;5,8;5,4;;22,5;;;"J";"00_06E7_6EDE";;"Brice";;
16/09/2013;"0456XXX1";340;61;4,5;3,8;;14,6;;;"J";"00_06E7_778F";;"Brice";;
16/09/2013;"0456XXX1";333;52;3,6;2,8;;15,2;;;"J";"00_06E7_7C4B";;"Brice";;
16/09/2013;"0456XXX3";458;171;5,4;5,4;;21,6;;;"J";"00_06DF_2559";;"Brice";;"recapture 2013"
16/09/2013;"0456XXX3";351;59;4,5;3,9;;14,9;;;"J";"00_06E3_DF5B";;"Brice";;
16/09/2013;"0456XXX3";331;45;4,3;3,6;;13,5;;;"J";"00_06E3_E779";;"Brice";;
16/09/2013;"0456XXX3";617;396;6,9;6,5;;25,1;;;"J";"00_06E4_832D";;"Brice";;"recapture 2013"
16/09/2013;"0456XXX3";433;117;5,7;4,9;;17,9;;;"J";"00_06E7_7070";;"Brice";;"recapture 2013"
16/09/2013;"0456XXX3";437;119;5,5;4,9;;18,8;;;"J";"00_06E7_7198";;"Brice";"maigre";" altération couleur"
16/09/2013;"0456XXX3";371;77;5,4;4,7;;17,3;;;"J";"00_06E7_7224";;"Brice";;
16/09/2013;"0456XXX3";460;142;6;5,5;;20,5;;;"J";"00_06E7_733E";;"Brice";;
16/09/2013;"0456XXX3";310;41;3,7;3,5;;11,7;;;"J";"00_06E7_7925";;"Brice";;
16/09/2013;"0456XXX3";363;68;4,5;4,3;;15,1;;;"J";"00_06E7_7C44";;"Brice";;
17/09/2013;"0456XXX8";411;99;4,6;4,6;;17,8;;;"J";"00_06DF_2F9B";;"Brice";;"recapture 2013"
17/09/2013;"0456XXX8";333;71;6,5;5,9;;18,7;1;0;"JAG";"00_06E3_E804";;"Brice";;
17/09/2013;"0456XXX8";433;117;5,6;5,4;;19,8;;;"J";"00_06E4_832B";;"Brice";;"recapture 2013"
17/09/2013;"0456XXX8";461;167;6,4;6;;21,8;;;"J";"00_06E4_8484";;"Brice";;"recapture 2013"
17/09/2013;"0456XXX8";345;72;5,2;4,6;;14,8;;;"J";"00_06E7_6448";;"Brice";"cdb";
17/09/2013;"0456XXX8";383;83;5,4;5,3;;17,6;;;"J";"00_06E7_6775";;"Brice";;
17/09/2013;"0456XXX8";334;55;5;4,7;;13,9;;;"J";"00_06E7_698F";;"Brice";;
17/09/2013;"0456XXX8";328;48;4,6;4,4;;14,2;;;"J";"00_06E7_7A36";;"Brice";;
20/09/2013;"0456XXX9";346;58;4,7;4;;15,1;;;"J";"00_06E4_8682";;"Brice";;
18/09/2013;"0456XX13";337;55;5;4,8;;14,6;;;"J";"00_06E7_62B6";;"Brice";;
18/09/2013;"0456XX13";356;74;5,3;5,3;;17,5;;;"J";"00_06E7_710A";;"Brice";;
18/09/2013;"0456XX13";305;46;4,3;4,3;;12,4;;;"J";"00_06E7_7E4B";;"Brice";;
18/09/2013;"0456XX16";353;70;4,4;4,1;;16,2;;;"J";"00_06DF_0F30";;"Brice";;"recapture 2013"
18/09/2013;"0456XX16";354;69;5,4;4,7;;15,4;;;"J";"00_06E7_6900";;"Brice";;
18/09/2013;"0456XX16";414;102;5,1;5;;18,4;;;"J";"00_06E7_6BAA";;"Brice";"ichtyo";
15/09/2014;"0435XXX1";349;66;4,9;4,2;;15,7;;;"J";"00_06E7_7BC6";;"Brice";"ras";"posé"
15/09/2014;"0435XXX1";443;162;5,4;5,4;;21,1;;;"J";"00_06DF_38F4";;"Brice";"HET, HEA";"recapture 2014"
15/09/2014;"0435XXX1";461;171;5,7;5,6;;22,4;;;"J";"00_06DF_3463";;"Brice";"HEC";"recapture 2014"
15/09/2014;"0435XXX1";367;82;5,3;5;;17,4;;;"J";"00_06E7_62B5";;"Brice";"HEA, érosions";"posé"
15/09/2014;"0435XXX2";351;66;4,8;4,5;;16,9;;;"J";"00_06E7_8044";;"Brice";"ras";"posé"
15/09/2014;"0435XXX2";537;277;6,9;6,5;;27,8;;;"J";"00_06DEBBB7";;"Brice";"HEA, HET";"recapture 2014"
15/09/2014;"0435XXX2";608;410;7,6;7,1;;33,1;;;"J";"00_06E7_5C0C";;"Brice";"HEC, PLA";"posé"
15/09/2014;"0435XXX2";399;83;5;4,8;;17,7;;;"J";"00_06E7_7B39";;"Brice";"ras";"recapture 2014"
15/09/2014;"0435XXX2";314;51;4,6;4;;12,9;;;"J";"00_06E7_6D3D";;"Brice";"SMC";"posé"
15/09/2014;"0435XXX2";360;77;5,4;4,8;;16,5;;;"J";"00_06E7_63C2";;"Brice";"ras";"posé"
15/09/2014;"0435XXX2";473;181;5,8;5,1;;20,8;;;"J";"00_06E7_66EF";;"Brice";"ras";"posé"
15/09/2014;"0435XXX2";524;285;7;6,4;;24,7;;;"J";"00_06E4_AE37";;"Brice";"HEQ, érosions";"recapture 2014"
15/09/2014;"0435XXX2";481;227;6,6;6,2;;24,1;;;"J";"00_06E3_E06B";;"Brice";"HEC";"posé"
15/09/2014;"0435XXX2";306;46;4,7;4,1;;14,1;;;"J";"00_06E7_83FE";;"Brice";"HEC";"posé"
15/09/2014;"0435XXX2";355;72;4,9;4,2;;16;;;"J";"00_06E7_7227";;"Brice";"ras";"posé"
15/09/2014;"0435XXX2";400;101;5,5;4,9;;17,9;;;"J";"00_06E7_6EDA";;"Brice";"ras";"posé"
15/09/2014;"0435XXX6";324;52;4,9;4,3;;15,3;;;"J";"00_06E7_61A7";;"Brice";"ras";"posé"
15/09/2014;"0435XXX6";572;318;7,6;7,3;;27,9;;;"J";"00_06E7_822C";;"Brice";"SMC";"posé"
15/09/2014;"0435XXX6";320;52;4,9;4,3;;14,6;;;"J";"00_06E7_7ED0";;"Brice";"ras";"posé"
15/09/2014;"0435XXX6";377;78;5,5;4,9;;17,2;;;"J";"00_06E7_5D05";;"Brice";"ras";"posé"
15/09/2014;"0435XXX6";323;47;3,9;3,8;;14,4;;;"J";"00_06E7_7ABC";;"Brice";"ras";"posé"
15/09/2014;"0435XXX6";429;116;5,8;5,5;;19,6;;;"J";"00_06E3_E805";;"Brice";"ras";"posé"
15/09/2014;"0435XXX8";339;55;4;4;;14,6;;;"J";"00_06E7_5C8B";;"Brice";"HET";"posé"
15/09/2014;"0435XXX8";326;62;4,6;4,2;;15,3;;;"J";"00_06E7_5F90";;"Brice";"ras";"posé"
15/09/2014;"0435XXX8";473;167;6,4;5,9;;20,8;;;"J";"00_06E4_ADC6";;"Brice";"ras";"recapture 2014"
15/09/2014;"0435XXX8";340;51;4,7;4,2;;14,3;;;"J";"00_06E3_EB3E";;"Brice";"ras";"posé"
15/09/2014;"0435XXX8";467;127;6,4;5,7;;23,2;;;"J";"00_06E4_7D53";;"Brice";"ras";"recapture 2014"
15/09/2014;"0435XXX8";370;74;4,7;4,2;;16,5;;;"J";"00_06E7_6C32";;"Brice";"HEQ, PNC";"recapture 2014"
15/09/2014;"0435XXX8";309;59;3,9;3,5;;13,3;;;"J";"00_06E7_7075";;"Brice";"HEQ, HEA";"posé"
15/09/2014;"0435XXX8";381;76;4,6;4,4;;16,4;;;"J";"00_06E7_6879";;"Brice";"ras";"posé"
15/09/2014;"0435XXX8";371;79;4,9;4,4;;17,7;;;"J";"00_06E7_74D7";;"Brice";"ras";"recapture 2014"
15/09/2014;"0435XXX8";382;112;7,9;7,7;;21,6;1;1;"AG";"00_06DF_2802";;"Brice";"ras";"recapture 2014"
15/09/2014;"0435XXX9";425;103;5,1;4,7;;18,9;;;"J";"00_06E4_7B41";;"Brice";"HEQ";"posé"
15/09/2014;"0435XXX9";442;132;5,9;5,3;;23;;;"J";"00_06E7_698E";;"Brice";"PBQ";"posé"
15/09/2014;"0435XXX9";553;259;6,9;6,3;;22,1;;;"J";"00_06E7_78A5";;"Brice";"ras";"posé"
15/09/2014;"0435XXX9";788;907;10,6;10,3;;43,3;1;1;"AG";"00_06E7_7DCF";;"Brice";"ras";"posé"
15/09/2014;"0435XXX9";763;989;10;9,7;;39,1;1;1;"AG";"00_06E7_7928";;"Brice";"ras";"posé"
15/09/2014;"0435XXX9";790;1064;10,7;10;;41,6;1;1;"AG";"00_06E7_813A";;"Brice";"HEN, HEQ";"posé"
15/09/2014;"0435XXX9";601;340;7,3;7,3;;31,6;;;"J";"00_06E7_698B";;"Brice";"ras";"posé"
15/09/2014;"0435XXX9";620;345;6,9;6,6;;29,5;;;"J";"00_06E7_7101";;"Brice";"HEA";"posé"
15/09/2014;"0435XXX9";360;72;4,7;4,1;;16,6;;;"J";"00_06E7_707A";;"Brice";"AMC, PBC";"posé"
15/09/2014;"0435XXX9";314;50;3,5;3,5;;13,6;;;"J";"00_06E7_80C0";;"Brice";"ras";"posé"
15/09/2014;"0435XXX9";303;53;3,9;3,7;;12,6;;;"J";"00_06E3_E778";;"Brice";"ras";"posé"
15/09/2014;"0435XX11";381;96;4,7;4,5;;16,9;;;"J";"00_06E7_62B4";;"Brice";"ras";"recapture 2014"
15/09/2014;"0435XX11";301;40;3,3;3,2;;11,7;;;"J";"00_06E7_7FCC";;"Brice";"ras";"posé"
15/09/2014;"0435XX11";334;59;4,6;4,2;;13,7;;;"J";"00_06E7_690A";;"Brice";"ras";"posé"
15/09/2014;"0435XX11";319;51;4,1;3,5;;13,5;;;"J";"00_06E7_778D";;"Brice";"HEQ, HEN";"posé"
15/09/2014;"0435XX13";404;69;5,2;4,7;;17,2;;;"J";"00_06E7_6882";;"Brice";"PBC, AMC";"recapture 2014"
15/09/2014;"0435XX13";367;67;4,7;4,2;;15,7;;;"J";"00_06E7_75F0";;"Brice";"PBC";"posé"
15/09/2014;"0435XX13";522;212;6,7;5,8;;22,2;;;"J";"00_06E7_6227";;"Brice";"ras";"posé"
15/09/2014;"0435XX14";578;331;6,6;6,1;;24,8;;;"J";"00_06E3_DD3B";;"Brice";"ras";"posé"
15/09/2014;"0435XX16";314;46;3,5;3,5;;12,5;;;"J";"00_06E7_5710";;"Brice";"ras";"posé"
15/09/2014;"0435XX16";334;53;4,1;3,8;;13,3;;;"J";"00_06E7_600F";;"Brice";"ras";"posé"
15/09/2014;"0435XX16";392;100;4,7;5;;17,4;;;"J";"00_06E3_D7FC";;"Brice";"ras";"recapture 2014"
15/09/2014;"0435XX16";335;46;3,9;3,8;;14,4;;;"J";"00_06E7_7707";;"Brice";"ras";"recapture 2014"
15/09/2014;"0435XX16";350;72;4,3;3,9;;14,3;;;"J";"00_06DF_1734";;"Brice";"érosions";"recapture 2014"
15/09/2014;"0435XX16";441;103;5,6;5;;20,1;;;"J";"00_06E7_5E87";;"Brice";"HEA, SMC";"posé"
15/09/2014;"0435XX16";345;67;4,6;4,1;;13,6;;;"J";"00_06E7_733F";;"Brice";"ras";"recapture 2014"
15/09/2014;"0435XX16";311;35;4,8;4,1;;14,5;;;"J";"00_06E4_8033";;"Brice";"ras";"recapture 2014"
15/09/2014;"0435XX16";331;49;4,2;3,9;;13,5;;;"J";"00_06E7_6558";;"Brice";"ras";"posé"
15/09/2014;"0435XX16";340;57;4,4;4,1;;16,4;;;"J";"00_06E7_6A92";;"Brice";"ras";"posé"
15/09/2014;"0435XX16";537;272;6,7;6,6;;27,2;;;"J";"00_06E7_6B21";;"Brice";"HEC, CAC";"posé"
15/09/2014;"0435XX16";345;68;4,4;4,4;;16,1;;;"J";"00_06E7_5B16";;"Brice";"SMC";"posé"
15/09/2014;"0435XX16";348;61;4,1;4,1;;14,7;;;"J";"00_06E3_E0F1";;"Brice";"ras";"posé"
15/09/2014;"0435XX16";352;58;4,4;4;;13;;;"J";"00_06E3_D772";;"Brice";"ras";"posé"
15/09/2014;"0435XX16";506;205;6;5,8;;22,9;;;"J";"00_06E3_DED2";;"Brice";"PBQ";"recapture 2014"
15/09/2014;"0435XX16";407;99;4,9;4,8;;18,2;;;"J";"00_06E7_80C3";;"Brice";"HEQ, PLC";"recapture 2014"
15/09/2014;"0435XX18";402;105;4,6;4,2;;16;;;"J";"00_06DF_1A45";;"Brice";"ras";"recapture 2014"
15/09/2014;"0435XX18";460;144;5,9;5,4;;21,1;;;"J";"00_06E7_63C4";;"Brice";"CAC";"posé"
15/09/2014;"0435XX18";346;61;4,7;4,5;;13,5;;;"J";"00_06E7_6E51";;"Brice";"érosions";"posé"
15/09/2014;"0435XX18";416;112;5,3;4,8;;14,9;;;"J";"00_06E7_6122";;"Brice";"AG";"posé"
15/09/2014;"0435XX18";530;268;7,3;6,5;;25,7;;;"J";"00_06E7_5F8F";;"Brice";"HEC, érosions";"posé"
15/09/2014;"0456XXX1";404;96;4,7;4,5;;19,5;;;"J";"00_06E3_E5D3";;"Brice";"ras";"posé"
15/09/2014;"0456XXX1";322;50;3,6;3,6;;11,5;;;"J";"00_06E3_D6E8";;"Brice";"ras";"posé"
15/09/2014;"0456XXX3";508;221;5,4;5,8;;22;;;"J";"00_06E7_733E";;"Brice";"HEC";"recapture 2014"
15/09/2014;"0456XXX3";365;97;5,4;5;;17,6;;;"J";"00_06E7_698A";;"Brice";"HEC, érosions";"posé"
15/09/2014;"0456XXX8";423;120;6,2;5,5;;18,7;;;"J";"00_06E7_6775";;"Brice";"ras";"recapture 2014"
15/09/2014;"0456XXX8";372;54;4,6;4;;15,4;;;"J";"00_06E7_813E";;"Brice";"AMC";"posé"
15/09/2014;"0456XXX8";380;"?";5,6;5,8;;18,6;1;0,5;"JAG";"00_06E7_6228";;"Brice";"PBC";"posé"
15/09/2014;"0456XXX8";339;52;4,6;4,2;;14,7;;;"J";"00_06E7_6BA4";;"Brice";"ras";"posé"
15/09/2014;"0456XXX8";349;72;4,8;4,3;;14,9;;;"J";"00_06E7_6666";;"Brice";"érosions";"posé"
15/09/2014;"0456XXX8";440;99;5,3;5;;18,9;;;"J";"00_06E7_80BD";;"Brice";"érosions";"posé"
15/09/2014;"0456XXX9";358;78;7,2;6,4;;20;;;"AG";"00_06E3_DA9A";;"Brice";"SMC";"posé"
15/09/2014;"0456XXX9";318;49;4,1;4;;14,4;;;"J";"00_06E7_67FC";;"Brice";"ras";"posé"
15/09/2014;"0456XXX9";352;69;7;6,4;;18,5;;;"AG";"00_06E7_6560";;"Brice";"ras";"posé"
15/09/2014;"0456XXX9";319;53;6,3;5,5;;14,9;;;"JAG";"00_06E7_767B";;"Brice";"ras";"posé"
15/09/2014;"0456XXX9";315;47;4,5;4;;13,9;;;"J";"00_06E7_7339";;"Brice";"ras";"posé"
15/09/2014;"0456XX12";321;45;4,4;4,2;;15,5;;;"J";"00_06E7_62B1";;"Brice";"ras";"posé"
15/09/2014;"0456XX13";329;63;5,8;5,5;;14,3;;;"J";"00_06E4_928F";;"Brice";"HEA";"posé"
15/09/2014;"0456XX13";387;82;4,9;4,6;;14,8;;;"J";"00_06E4_A940";;"Brice";"HEA";"posé"
15/09/2014;"0456XX13";367;86;6,7;6,1;;20,4;1;1;"AG";"00_06E7_63C7";;"Brice";"ras";"posé"
15/09/2014;"0456XX13";321;68;5,9;5,5;;16,2;1;1;"AG";"00_06E7_7E4B";;"Brice";"CAC";"recapture 2014"
15/09/2014;"0456XX13";352;79;5,5;5,1;;15,7;;;"J";"00_06E7_6776";;"Brice";"ras";"posé"
15/09/2014;"0456XX16";310;51;4,8;4,5;;13;;;"J";"00_06E7_6C30";;"Brice";"ras";"posé"
15/09/2014;"0456XX16";446;142;5,4;5,2;;20,5;;;"J";"00_06E7_6BAA";;"Brice";"ras";"recapture 2014"
15/09/2014;"0456XX16";309;46;4,7;4,4;;11,9;;;"J";"00_06E7_6CB6";;"Brice";"HEA";"posé"
15/09/2014;"0456XX16";428;130;5,4;5,1;;17,2;;;"J";"00_06E7_72AE";;"Brice";"érosions";"recapture 2014"
15/09/2015;"0435XXX1";356;67;4,8;4,4;;14,6;0;0;"J";"00_06E7_7A38";;"Brice";"ras";"posé"
15/09/2015;"0435XXX1";456;152;5,6;5,4;;21,7;0;0;"J";"00_06DF_3463";;"Brice";"ras";"recapture 2015"
15/09/2015;"0435XXX1";505;189;7;6,1;;24;0;0;"J";"00_06E7_63BF";;"Brice";"HEC";"posé"
15/09/2015;"0435XXX1";342;61;4,6;4,1;;14,3;0;0;"J";"00_06E7_7BC2";;"Brice";"HEA";"posé"
15/09/2015;"0435XXX2";317;48;4,5;4,1;;12,1;0;0;"J";"00_06E7_6D3D";;"Brice";"ras";"recapture 2015"
15/09/2015;"0435XXX2";422;124;5,7;5,5;;20,1;0;0;"J";"00_06E7_6A95";;"Brice";"HEN";"posé"
15/09/2015;"0435XXX2";459;163;5,9;5,7;;21,6;0;0;"J";"00_06E7_6B1C";;"Brice";"ras";"posé"
15/09/2015;"0435XXX2";370;85;4,9;4,9;;16,4;0;0;"J";"00_06E7_63C2";;"Brice";"HEC";"recapture 2015"
15/09/2015;"0435XXX6";339;64;4,8;4,1;;16,9;0;0;"J";"00_06E7_7ED0";;"Brice";"ras";"recapture 2015"
15/09/2015;"0435XXX6";323;57;4,5;3,9;;13,6;0;0;"J";"00_06E7_83FC";;"Brice";"ras";"posé"
15/09/2015;"0435XXX6";354;59;5,2;4,8;;16,5;0;0;"J";"00_06E7_61A7";;"Brice";"ras";"recapture 2015"
15/09/2015;"0435XXX6";456;151;6,1;5,4;;21,4;0;0;"J";"00_06E3_E805";;"Brice";"ras";"recapture 2015"
15/09/2015;"0435XXX8";316;49;4,4;4;;12,9;0;0;"J";"00_06E7_644F";;"Brice";"ras";"posé"
15/09/2015;"0435XXX8";300;43;4,3;3,8;;13,2;0;0;"J";"00_06E7_7CCB";;"Brice";"PNC";"posé"
15/09/2015;"0435XXX8";308;56;4,8;4,2;;14,3;0;0;"J";"00_06E7_7075";;"Brice";"CAC";"recapture 2015"
15/09/2015;"0435XXX8";408;95;5,6;5,3;;17,6;0;0;"J";"00_06E7_6F5A";;"Brice";"CAC";"recapture 2015"
15/09/2015;"0435XXX8";389;86;4,9;4,6;;16,8;0;0;"J";"00_06E7_6879";;"Brice";"ras";"recapture 2015"
15/09/2015;"0435XXX8";524;247;6,5;6,2;;23,6;0;0;"J";"00_06DF_1E85";;"Brice";"ras";"recapture 2015"
15/09/2015;"0435XXX9";409;111;5,8;5,5;;18,9;0;0;"J";"00_06E7_75EC";;"Brice";"ras";"posé"
15/09/2015;"0435XXX9";540;287;6,6;6,1;;27,3;0;0;"J";"00_06E7_7DCC";;"Brice";"ras";"posé"
15/09/2015;"0435XXX9";760;745;8,8;8,6;;35,3;0;0;"J";;;"Brice";"ras";"ne dort pas"
15/09/2015;"0435XXX9";393;96;5,2;4,7;;17,7;0;0;"J";"00_06E7_5D84";;"Brice";"ras";"posé"
15/09/2015;"0435XX11";347;62;4,7;4,2;;"?";0;0;"J";"00_06E3_D5D8";;"Brice";"ras";"posé"
15/09/2015;"0435XX11";313;47;4,2;3,7;;13,4;0;0;"J";"00_06E7_6884";;"Brice";"ras";"posé"
15/09/2015;"0435XX11";312;49;4,1;3,8;;12,5;0;0;"J";"00_06E7_74D9";;"Brice";"ras";"posé"
15/09/2015;"0435XX11";468;175;6,4;6;;21,8;0;0;"J";"00_06E7_622A";;"Brice";"ras";"posé"
15/09/2015;"0435XX11";687;653;9,3;8,8;;35,1;1;1;"J";"00_06E7_676C";;"Brice";"ras";"posé"
15/09/2015;"0435XX11";417;128;5,6;5,1;;20,3;0;0;"J";"00_06E7_62B4";;"Brice";"ras";"recapture 2015"
15/09/2015;"0435XX11";620;448;7,8;7,3;;29,4;0;0;"J";"00_06E7_65E1";;"Brice";"ras";"posé"
15/09/2015;"0435XX16";310;44;4,1;3,7;;13,1;0;0;"J";"00_06E7_6015";;"Brice";"PNC";"posé"
15/09/2015;"0435XX16";499;203;5,8;5,2;;22,6;0;0;"J";"00_06DF_3670";;"Brice";"ras";"recapture 2015"
15/09/2015;"0435XX16";393;100;5,1;4,9;;16,7;0;0;"J";"00_06DF_1734";;"Brice";"ras";"recapture 2015"
15/09/2015;"0435XX16";351;70;4,6;4,1;;16,3;0;0;"J";"00_06E7_6881";;"Brice";"ras";"posé"
15/09/2015;"0435XX16";343;64;4,5;4,3;;15,6;0;0;"J";"00_06E7_718F";;"Brice";"SMC";"posé"
15/09/2015;"0435XX16";324;49;4,1;3,7;;13,1;0;0;"J";"00_06E7_509E";;"Brice";"PNC";"posé"
15/09/2015;"0435XX16";310;35;4;4,3;;14,7;0;0;"J";"00_06E4_8033";;"Brice";"AMC, CAC";"recapture 2015"
15/09/2015;"0435XX16";304;41;4,3;4;;13,4;0;0;"J";"00_06E7_7702";;"Brice";"SMC";"posé"
15/09/2015;"0435XX16";310;45;4;3,6;;12,8;0;0;"J";"00_06E7_5D85";;"Brice";"ras";"posé"
15/09/2015;"0435XX16";536;293;6,7;6,1;;22,6;0;0;"J";"00_06E7_5E8C";;"Brice";"ADN";"posé"
15/09/2015;"0435XX16";332;66;3,9;3,9;;14,9;0;0;"J";"00_06E7_5F8B";;"Brice";"ras";"posé"
15/09/2015;"0435XX16";377;89;5,3;4,8;;18,2;0;0;"J";"00_06E7_5B16";;"Brice";"HEC";"recapture 2015"
15/09/2015;"0435XX16";422;125;5,8;5,4;;19,2;0;0;"J";"00_06E3_D7FC";;"Brice";"HEQ";"recapture 2015"
15/09/2015;"0435XX16";368;81;4,9;4,4;;14,3;0;0;"J";"00_06E7_64D1";;"Brice";"ras";"posé"
15/09/2015;"0435XX16";446;138;5,6;5,1;;21,5;0;0;"J";"00_06E7_611D";;"Brice";"ras";"recapture 2015"
15/09/2015;"0435XX18";319;43;3,9;3,7;;12,8;0;0;"J";"00_06E7_6B26";;"Brice";"ras";"recapture 2015"
15/09/2015;"0435XX18";366;63;4,6;4,1;;15,5;0;0;"J";"00_06E7_66E7";;"Brice";"ras";"posé"
15/09/2015;"0435XX18";375;79;5,2;5;;14,9;0;0;"J";"00_06E7_6D43";;"Brice";"multi";"recapture 2015"
15/09/2015;"0435XX18";430;104;5;5;;19,3;0;0;"J";"00_06E7_7074";;"Brice";"ras";"posé"
15/09/2015;"0435XX18";399;100;5,2;4,9;;16,5;0;0;"J";"00_06DF_1A45";;"Brice";"ras";"recapture 2015"
15/09/2015;"0456XXX1";307;37;3,9;3,5;;11;0;0;"J";"00_06E7_7108";;"Brice";"ras";"posé"
15/09/2015;"0456XXX1";335;54;4,2;3,9;;13,8;0;0;"J";"00_06E7_6667";;"Brice";"ras";"posé"
15/09/2015;"0456XXX3";330;56;5,2;4,9;;14,7;0;0;"J";"00_06E7_6011";;"Brice";"ras";"posé"
15/09/2015;"0456XXX8";568;252;7,4;7,2;;31,3;0;0;"J";"00_06E7_73C1";;"Brice";"ras";"posé"
15/09/2015;"0456XXX8";435;71;5,5;4,8;;18,6;0;0;"J";"00_06E7_80BD";;"Brice";"CAC";"recapture 2015"
15/09/2015;"0456XXX9";386;98;5;4,8;;20,4;0;0;"J";"00_06E7_6229";;"Brice";"ras";"posé"
15/09/2015;"0456XX13";330;64;6;5,8;;15,4;0;0;"J";"00_06E4_928F";;"Brice";"ras";"recapture 2015"
15/09/2015;"0456XX13";320;40;3,9;3,7;;12,5;0;0;"J";"00_06E7_61A8";;"Brice";"ras";"posé"
15/09/2015;"0456XX13";345;71;6,1;5,6;;15,9;0;0;"J";"00_06E7_81B6";;"Brice";"ras";"posé"
15/09/2015;"0456XX16";316;62;5,2;5;;15,1;0;0;"J";"00_06E7_6C30";;"Brice";"ras";"recapture 2015"
15/09/2015;"0456XX16";320;54;5,3;4,7;;13,3;0;0;"J";"00_06E7_6E57";;"Brice";"ras";"posé"
15/09/2015;"0456XX16";458;144;5,7;5,6;;20,7;0;0;"J";"00_06E7_6BAA";;"Brice";"HEA";"recapture 2015"
15/09/2015;"0456XX16";352;76;5,7;5,3;;16,5;0;0;"J";"00_06DF_0F30";;"Brice";"ras";"recapture 2015"
